Jun 30 14:37:36 ,58185.000
Jun 30 14:41:45 ,46232.000
Jun 30 14:43:05 ,144383.000
Jun 30 14:44:17 ,159573.000
Jun 30 14:46:10 ,102795.000
Jun 30 15:22:30 ,1884713.000
Jun 30 15:22:43 ,2133424.000
Jun 30 15:23:35 ,2260901.000
Jun 30 15:23:49 ,1676415.000
Jun 30 15:24:40 ,2240011.000
Jun 30 15:24:54 ,2291753.000
Jun 30 15:25:45 ,2360640.000
Jun 30 15:26:00 ,2275907.000
Jun 30 15:26:50 ,2275364.000
Jun 30 15:27:05 ,2220485.000
Jun 30 15:27:55 ,2383861.000
Jun 30 15:28:10 ,2213364.000
Jun 30 15:29:00 ,2232017.000
Jun 30 15:29:16 ,1839542.000
Jun 30 15:30:05 ,2248566.000
Jun 30 15:30:43 ,428257.000
Jun 30 15:31:18 ,898971.000
Jun 30 15:31:49 ,2048752.000
Jun 30 15:32:23 ,2288905.000
Jun 30 15:32:56 ,1602487.000
Jun 30 15:33:29 ,2026062.000
Jun 30 15:34:01 ,2252526.000
Jun 30 15:34:34 ,2294537.000
Jun 30 15:35:06 ,2355708.000
Jun 30 15:35:39 ,2284146.000
Jun 30 15:36:11 ,2305291.000
Jun 30 15:36:45 ,2037706.000
Jun 30 15:37:20 ,1351302.000
Jun 30 15:37:50 ,2250942.000
Jun 30 15:38:25 ,2334154.000
Jun 30 15:38:55 ,2337565.000
Jun 30 15:39:30 ,2339789.000
Jun 30 15:40:01 ,1954439.000
Jun 30 15:40:35 ,2123686.000
Jun 30 15:41:06 ,2147123.000
Jun 30 15:41:40 ,2203338.000
Jun 30 15:42:11 ,2340880.000
Jun 30 15:42:45 ,2312621.000
Jun 30 15:43:17 ,2202490.000
Jun 30 15:43:52 ,1709437.000
Jun 30 15:44:22 ,2229826.000
Jun 30 15:44:57 ,2268535.000
Jun 30 15:45:54 ,360851.000
Jun 30 15:46:05 ,1455224.000
Jun 30 15:47:11 ,679609.000
Jun 30 15:48:21 ,1162145.000
Jun 30 15:49:31 ,1146502.000
Jun 30 15:50:42 ,1058019.000
Jun 30 15:51:49 ,1548776.000
Jun 30 15:52:57 ,1572917.000
Jun 30 15:53:12 ,1389976.000
Jun 30 15:54:13 ,717516.000
Jun 30 15:55:21 ,1438619.000
Jun 30 15:55:33 ,1605241.000
Jun 30 15:56:27 ,1837900.000
Jun 30 15:56:40 ,1507117.000
Jun 30 15:57:34 ,1562776.000
Jun 30 15:57:50 ,1273275.000
Jun 30 15:58:43 ,1271227.000
Jun 30 15:59:04 ,822880.000
Jun 30 15:59:52 ,1284870.000
Jun 30 16:00:42 ,300803.000
Jun 30 16:01:08 ,724774.000
Jun 30 16:01:48 ,1947240.000
Jun 30 16:02:14 ,2206520.000
Jun 30 16:02:58 ,1104666.000
Jun 30 16:03:21 ,1483813.000
Jun 30 16:04:06 ,1445079.000
Jun 30 16:04:29 ,1627297.000
Jun 30 16:05:15 ,1426814.000
Jun 30 16:05:39 ,1163231.000
Jun 30 16:06:24 ,1228989.000
Jun 30 16:06:47 ,1388925.000
Jun 30 16:07:31 ,1631698.000
Jun 30 16:07:55 ,1350700.000
Jun 30 16:08:38 ,1655445.000
Jun 30 16:09:05 ,1255528.000
Jun 30 16:09:45 ,1627221.000
Jun 30 16:10:14 ,1246485.000
Jun 30 16:11:00 ,780637.000
Jun 30 16:11:20 ,1950798.000
Jun 30 16:12:05 ,2291660.000
Jun 30 16:12:25 ,2193791.000
Jun 30 16:13:11 ,2052578.000
Jun 30 16:13:30 ,2293959.000
Jun 30 16:14:16 ,2270358.000
Jun 30 16:14:35 ,2298584.000
Jun 30 16:15:49 ,351713.000
Jun 30 16:16:54 ,2334135.000
Jun 30 16:17:09 ,2201753.000
Jun 30 16:17:58 ,2371938.000
Jun 30 16:18:14 ,2311580.000
Jun 30 16:19:03 ,2328410.000
Jun 30 16:19:19 ,2307953.000
Jun 30 16:20:17 ,845100.000
Jun 30 16:20:25 ,2058498.000
Jun 30 16:21:23 ,1887265.000
Jun 30 16:21:33 ,1415868.000
Jun 30 16:22:40 ,1696834.000
Jun 30 16:23:48 ,1476813.000
Jun 30 16:24:58 ,1153192.000
Jun 30 16:25:36 ,477442.000
Jun 30 16:26:05 ,1621483.000
Jun 30 16:26:42 ,1783214.000
Jun 30 16:27:15 ,1136754.000
Jun 30 16:27:54 ,978318.000
Jun 30 16:28:34 ,598530.000
Jun 30 16:29:02 ,1425731.000
Jun 30 16:29:56 ,548131.000
Jun 30 16:31:21 ,145981.000
Jun 30 16:32:43 ,892873.000
Jun 30 16:34:07 ,678479.000
Jun 30 16:35:22 ,1211806.000
Jun 30 16:36:32 ,1180979.000
Jun 30 16:37:02 ,752794.000
Jun 30 16:37:39 ,1703761.000
Jun 30 16:38:17 ,819304.000
Jun 30 16:38:53 ,802835.000
Jun 30 16:39:28 ,1039013.000
Jun 30 16:39:59 ,2149408.000
Jun 30 16:40:44 ,709443.000
Jun 30 16:41:14 ,750612.000
Jun 30 16:41:49 ,2256802.000
Jun 30 16:42:26 ,968381.000
Jun 30 16:42:56 ,1660238.000
Jun 30 16:43:34 ,1371199.000
Jun 30 16:44:02 ,1906292.000
Jun 30 16:44:40 ,1999059.000
Jun 30 16:45:34 ,367808.000
Jun 30 16:46:10 ,391838.000
Jun 30 16:46:46 ,908085.000
Jun 30 16:47:15 ,2095902.000
Jun 30 16:47:53 ,1863377.000
Jun 30 16:48:24 ,1355229.000
Jun 30 16:49:00 ,1656549.000
Jun 30 16:49:29 ,2303513.000
Jun 30 16:50:13 ,872398.000
Jun 30 16:50:34 ,2283510.000
Jun 30 16:51:22 ,1302744.000
Jun 30 16:51:39 ,2201272.000
Jun 30 16:52:27 ,2263999.000
Jun 30 16:52:45 ,2070880.000
Jun 30 16:53:32 ,2365120.000
Jun 30 16:53:50 ,2246311.000
Jun 30 16:54:37 ,2299763.000
Jun 30 16:54:55 ,2378472.000
Jun 30 16:55:42 ,2234417.000
Jun 30 16:56:00 ,2295165.000
Jun 30 16:56:47 ,2378913.000
Jun 30 16:57:05 ,2300100.000
Jun 30 16:57:52 ,2391596.000
Jun 30 16:58:10 ,2282514.000
Jun 30 16:58:57 ,2367712.000
Jun 30 16:59:16 ,2090723.000
Jun 30 17:00:02 ,2287759.000
Jun 30 17:00:38 ,505406.000
Jun 30 17:01:12 ,1082306.000
Jun 30 17:01:45 ,1759302.000
Jun 30 17:02:17 ,2283188.000
Jun 30 17:02:50 ,2277873.000
Jun 30 17:03:23 ,2181630.000
Jun 30 17:03:55 ,2275770.000
Jun 30 17:04:28 ,2372622.000
Jun 30 17:05:00 ,2359681.000
Jun 30 17:05:33 ,2008072.000
Jun 30 17:06:05 ,2294052.000
Jun 30 17:06:39 ,2159922.000
Jun 30 17:07:10 ,2377560.000
Jun 30 17:07:44 ,2074224.000
Jun 30 17:08:16 ,2090647.000
Jun 30 17:08:50 ,2277912.000
Jun 30 17:09:21 ,2261950.000
Jun 30 17:09:55 ,2203233.000
Jun 30 17:10:26 ,2286468.000
Jun 30 17:11:00 ,2212421.000
Jun 30 17:11:31 ,2210574.000
Jun 30 17:12:05 ,2146191.000
Jun 30 17:12:36 ,2257733.000
Jun 30 17:13:11 ,1965411.000
Jun 30 17:13:41 ,2184411.000
Jun 30 17:14:16 ,2286507.000
Jun 30 17:14:46 ,2338976.000
Jun 30 17:15:50 ,347333.000
Jun 30 17:16:55 ,2325013.000
Jun 30 17:17:21 ,2258243.000
Jun 30 17:18:00 ,2255508.000
Jun 30 17:18:26 ,2351588.000
Jun 30 17:19:06 ,1984933.000
Jun 30 17:19:32 ,1913287.000
Jun 30 17:20:12 ,1897972.000
Jun 30 17:20:53 ,558592.000
Jun 30 17:21:17 ,2035451.000
Jun 30 17:21:58 ,1987271.000
Jun 30 17:22:32 ,777114.000
Jun 30 17:23:26 ,424722.000
Jun 30 17:24:04 ,362122.000
Jun 30 17:24:49 ,485630.000
Jun 30 17:25:41 ,316963.000
Jun 30 17:26:38 ,236839.000
Jun 30 17:27:39 ,198747.000
Jun 30 17:29:17 ,298647.000
Jun 30 17:30:18 ,261349.000
Jun 30 17:35:45 ,214152.000
Jun 30 17:37:10 ,565832.000
Jun 30 17:38:36 ,461653.000
Jun 30 17:40:04 ,403879.000
Jun 30 17:41:43 ,301854.000
Jun 30 17:43:30 ,243051.000
Jun 30 17:45:52 ,141604.000
Jun 30 17:50:53 ,124269.000
Jun 30 17:52:46 ,218278.000
Jun 30 17:54:08 ,533949.000
Jun 30 17:55:31 ,508978.000
Jun 30 17:56:42 ,1015132.000
Jun 30 17:57:13 ,1475269.000
Jun 30 17:57:51 ,1352344.000
Jun 30 17:58:30 ,671094.000
Jun 30 17:59:10 ,590472.000
Jun 30 17:59:40 ,1169115.000
Jun 30 18:00:51 ,284043.000
Jun 30 18:03:03 ,1014727.000
Jun 30 18:03:35 ,976275.000
Jun 30 18:04:16 ,867823.000
Jun 30 18:04:43 ,1519695.000
Jun 30 18:05:26 ,1157447.000
Jun 30 18:05:49 ,1817026.000
Jun 30 18:06:38 ,957775.000
Jun 30 18:06:58 ,1333914.000
Jun 30 18:07:48 ,1216594.000
Jun 30 18:08:11 ,890929.000
Jun 30 18:09:00 ,973170.000
Jun 30 18:09:19 ,1443989.000
Jun 30 18:10:09 ,1206807.000
Jun 30 18:10:58 ,293933.000
Jun 30 18:11:33 ,488952.000
Jun 30 18:12:28 ,384097.000
Jun 30 18:12:45 ,947270.000
Jun 30 18:13:40 ,1018342.000
Jun 30 18:13:51 ,1954834.000
Jun 30 18:14:47 ,1685872.000
Jun 30 18:15:34 ,269015.000
Jun 30 18:16:08 ,551011.000
Jun 30 18:16:42 ,1396687.000
Jun 30 18:17:14 ,1928028.000
Jun 30 18:17:49 ,1684163.000
Jun 30 18:18:23 ,1291008.000
Jun 30 18:18:54 ,2333028.000
Jun 30 18:19:28 ,2282497.000
Jun 30 18:19:59 ,2269358.000
Jun 30 18:20:35 ,1674744.000
Jun 30 18:21:05 ,2251532.000
Jun 30 18:21:40 ,2290936.000
Jun 30 18:22:10 ,2355227.000
Jun 30 18:22:45 ,2199269.000
Jun 30 18:23:15 ,2269595.000
Jun 30 18:23:50 ,2149987.000
Jun 30 18:24:20 ,2316989.000
Jun 30 18:24:57 ,1821404.000
Jun 30 18:25:25 ,2281094.000
Jun 30 18:26:02 ,2377411.000
Jun 30 18:26:31 ,1881205.000
Jun 30 18:27:07 ,2123438.000
Jun 30 18:27:37 ,1764999.000
Jun 30 18:28:12 ,2274281.000
Jun 30 18:28:43 ,2297304.000
Jun 30 18:29:18 ,1830707.000
Jun 30 18:29:48 ,2233992.000
Jun 30 18:30:52 ,343081.000
Jun 30 18:31:58 ,1926643.000
Jun 30 18:32:11 ,2253831.000
Jun 30 18:33:03 ,2258888.000
Jun 30 18:33:16 ,2279871.000
Jun 30 18:34:09 ,1966253.000
Jun 30 18:34:22 ,1999345.000
Jun 30 18:35:19 ,1153114.000
Jun 30 18:35:28 ,1845559.000
Jun 30 18:36:25 ,2160606.000
Jun 30 18:36:34 ,1929456.000
Jun 30 18:37:31 ,1902033.000
Jun 30 18:37:40 ,1868102.000
Jun 30 18:38:37 ,1784514.000
Jun 30 18:38:48 ,1618042.000
Jun 30 18:39:52 ,782111.000
Jun 30 18:41:38 ,253769.000
Jun 30 18:43:21 ,268091.000
Jun 30 18:44:53 ,361666.000
Jun 30 18:47:04 ,160880.000
Jun 30 18:48:13 ,1371297.000
Jun 30 18:49:18 ,257852.000
Jun 30 18:51:00 ,271282.000
Jun 30 18:52:28 ,420113.000
Jun 30 18:53:18 ,270425.000
Jun 30 18:53:45 ,654275.000
Jun 30 18:54:37 ,600206.000
Jun 30 18:55:19 ,337988.000
Jun 30 18:56:08 ,379825.000
Jun 30 18:56:42 ,522959.000
Jun 30 18:57:30 ,512212.000
Jun 30 18:58:06 ,479063.000
Jun 30 18:59:04 ,339682.000
Jun 30 18:59:48 ,275996.000
Jun 30 19:01:07 ,590090.000
Jun 30 19:02:59 ,222460.000
Jun 30 19:04:34 ,330957.000
Jun 30 19:06:19 ,254636.000
Jun 30 19:08:15 ,332942.000
Jun 30 19:09:54 ,291398.000
Jun 30 19:11:32 ,308428.000
Jun 30 19:13:34 ,185700.000
Jun 30 19:15:30 ,206406.000
Jun 30 19:16:46 ,699125.000
Jun 30 19:18:17 ,381957.000
Jun 30 19:19:36 ,590391.000
Jun 30 19:20:31 ,223947.000
Jun 30 19:21:17 ,284394.000
Jun 30 19:21:49 ,662228.000
Jun 30 19:22:43 ,442735.000
Jun 30 19:23:05 ,733082.000
Jun 30 19:23:54 ,1074207.000
Jun 30 19:24:12 ,1559994.000
Jun 30 19:25:00 ,1925862.000
Jun 30 19:25:22 ,1185883.000
Jun 30 19:26:09 ,1295003.000
Jun 30 19:26:34 ,916755.000
Jun 30 19:27:14 ,2084622.000
Jun 30 19:27:44 ,1168457.000
Jun 30 19:28:25 ,1116534.000
Jun 30 19:28:54 ,1195075.000
Jun 30 19:29:35 ,1174517.000
Jun 30 19:30:02 ,1553192.000
Jun 30 19:30:57 ,519147.000
Jun 30 19:33:06 ,92485.000
Jun 30 19:36:03 ,98874.000
Jun 30 19:39:32 ,77522.000
Jun 30 19:45:38 ,146548.000
Jun 30 19:47:39 ,186942.000
Jun 30 19:49:33 ,213554.000
Jun 30 19:50:45 ,951953.000
Jun 30 19:51:07 ,782816.000
Jun 30 19:52:03 ,671050.000
Jun 30 19:52:31 ,473703.000
Jun 30 19:53:11 ,1459722.000
Jun 30 19:53:49 ,653026.000
Jun 30 19:54:18 ,1636648.000
Jun 30 19:55:14 ,459673.000
Jun 30 19:55:25 ,1708143.000
Jun 30 19:56:19 ,2253163.000
Jun 30 19:56:31 ,1927945.000
Jun 30 19:57:26 ,1672222.000
Jun 30 19:57:37 ,1883715.000
Jun 30 19:58:32 ,1892296.000
Jun 30 19:58:43 ,1980502.000
Jun 30 19:59:38 ,1900734.000
Jun 30 19:59:48 ,2174623.000
Jun 30 20:01:03 ,472459.000
Jun 30 20:02:15 ,1352520.000
Jun 30 20:03:20 ,2097633.000
Jun 30 20:03:29 ,1445559.000
Jun 30 20:04:26 ,2152845.000
Jun 30 20:04:34 ,2269660.000
Jun 30 20:05:31 ,2202776.000
Jun 30 20:05:39 ,2319536.000
Jun 30 20:06:37 ,1984079.000
Jun 30 20:06:44 ,2195088.000
Jun 30 20:07:42 ,2175695.000
Jun 30 20:07:50 ,2196875.000
Jun 30 20:08:48 ,1900173.000
Jun 30 20:09:09 ,586000.000
Jun 30 20:09:54 ,1910880.000
Jun 30 20:10:15 ,2163437.000
Jun 30 20:11:00 ,2221245.000
Jun 30 20:11:28 ,864052.000
Jun 30 20:12:55 ,207181.000
Jun 30 20:14:42 ,246882.000
Jun 30 20:16:20 ,303415.000
Jun 30 20:16:51 ,621109.000
Jun 30 20:17:26 ,1980563.000
Jun 30 20:17:56 ,2128872.000
Jun 30 20:18:34 ,1419528.000
Jun 30 20:19:01 ,2345592.000
Jun 30 20:19:41 ,1811229.000
Jun 30 20:20:43 ,277107.000
Jun 30 20:21:51 ,1367031.000
Jun 30 20:22:06 ,1254893.000
Jun 30 20:23:24 ,355083.000
Jun 30 20:26:01 ,354143.000
Jun 30 20:27:00 ,280980.000
Jun 30 20:27:30 ,392024.000
Jun 30 20:28:32 ,361895.000
Jun 30 20:29:41 ,1208570.000
Jun 30 20:30:14 ,452713.000
Jun 30 20:31:01 ,582140.000
Jun 30 20:31:50 ,326147.000
Jun 30 20:32:18 ,666750.000
Jun 30 20:33:08 ,621674.000
Jun 30 20:33:50 ,364703.000
Jun 30 20:34:20 ,1011100.000
Jun 30 20:34:58 ,1461830.000
Jun 30 20:35:29 ,1279526.000
Jun 30 20:36:14 ,709312.000
Jun 30 20:36:35 ,1829381.000
Jun 30 20:37:30 ,711347.000
Jun 30 20:37:41 ,2137567.000
Jun 30 20:38:37 ,1672285.000
Jun 30 20:38:51 ,1100411.000
Jun 30 20:39:43 ,2100803.000
Jun 30 20:39:57 ,2003017.000
Jun 30 20:40:48 ,2109430.000
Jun 30 20:41:04 ,1718224.000
Jun 30 20:41:54 ,2272823.000
Jun 30 20:42:12 ,1448849.000
Jun 30 20:42:59 ,2267957.000
Jun 30 20:43:17 ,2277321.000
Jun 30 20:44:04 ,2276942.000
Jun 30 20:44:22 ,2326366.000
Jun 30 20:45:48 ,263298.000
Jun 30 20:46:54 ,1861276.000
Jun 30 20:48:00 ,1927780.000
Jun 30 20:48:26 ,464221.000
Jun 30 20:49:19 ,608513.000
Jun 30 20:49:45 ,619639.000
Jun 30 20:50:37 ,624965.000
Jun 30 20:51:03 ,643033.000
Jun 30 20:51:52 ,769902.000
Jun 30 20:52:19 ,699669.000
Jun 30 20:53:09 ,715553.000
Jun 30 20:53:24 ,2331868.000
Jun 30 20:54:14 ,2014242.000
Jun 30 20:54:29 ,2317116.000
Jun 30 20:55:20 ,1947091.000
Jun 30 20:55:34 ,2288623.000
Jun 30 20:56:25 ,2294845.000
Jun 30 20:56:43 ,1297196.000
Jun 30 20:57:31 ,2272853.000
Jun 30 20:57:49 ,1869687.000
Jun 30 20:58:36 ,2273450.000
Jun 30 20:58:55 ,2201066.000
Jun 30 20:59:43 ,1553163.000
Jun 30 21:00:03 ,1435603.000
Jun 30 21:00:58 ,801814.000
Jun 30 21:01:26 ,503095.000
Jun 30 21:02:09 ,1012160.000
Jun 30 21:02:46 ,582497.000
Jun 30 21:03:33 ,492551.000
Jun 30 21:03:53 ,1593136.000
Jun 30 21:04:51 ,614572.000
Jun 30 21:05:00 ,1589188.000
Jun 30 21:05:57 ,2100572.000
Jun 30 21:06:10 ,1233793.000
Jun 30 21:07:25 ,404450.000
Jun 30 21:08:39 ,840796.000
Jun 30 21:10:02 ,518804.000
Jun 30 21:11:26 ,638907.000
Jun 30 21:12:53 ,439051.000
Jun 30 21:14:03 ,1090944.000
Jun 30 21:16:03 ,275624.000
Jun 30 21:17:42 ,295365.000
Jun 30 21:19:20 ,351367.000
Jun 30 21:21:11 ,226102.000
Jun 30 21:22:36 ,596840.000
Jun 30 21:23:59 ,504338.000
Jun 30 21:25:12 ,897841.000
Jun 30 21:25:35 ,1101108.000
Jun 30 21:26:27 ,755495.000
Jun 30 21:26:53 ,624442.000
Jun 30 21:27:37 ,1123995.000
Jun 30 21:28:12 ,617313.000
Jun 30 21:28:48 ,1082274.000
Jun 30 21:29:21 ,1253625.000
Jun 30 21:30:00 ,983593.000
Jun 30 21:30:43 ,534009.000
Jun 30 21:31:21 ,548311.000
Jun 30 21:31:49 ,1831479.000
Jun 30 21:32:28 ,1677090.000
Jun 30 21:32:55 ,2011644.000
Jun 30 21:33:37 ,1289985.000
Jun 30 21:34:04 ,1319627.000
Jun 30 21:34:50 ,865235.000
Jun 30 21:35:19 ,768733.000
Jun 30 21:36:09 ,623709.000
Jun 30 21:36:26 ,1677083.000
Jun 30 21:37:32 ,488878.000
Jun 30 21:38:38 ,2267991.000
Jun 30 21:38:56 ,1465648.000
Jun 30 21:39:48 ,1112801.000
Jun 30 21:40:06 ,1145545.000
Jun 30 21:41:04 ,740661.000
Jun 30 21:41:14 ,1623696.000
Jun 30 21:42:31 ,657821.000
Jun 30 21:43:38 ,1821093.000
Jun 30 21:43:49 ,1794601.000
Jun 30 21:44:43 ,2265267.000
Jun 30 21:44:55 ,1947845.000
Jun 30 21:46:05 ,514165.000
Jun 30 21:47:11 ,1910927.000
Jun 30 21:47:27 ,2083704.000
Jun 30 21:48:17 ,2027482.000
Jun 30 21:48:33 ,1728240.000
Jun 30 21:49:23 ,1884567.000
Jun 30 21:49:41 ,1542868.000
Jun 30 21:50:48 ,1600697.000
Jun 30 21:51:54 ,2047536.000
Jun 30 21:52:13 ,932831.000
Jun 30 21:53:00 ,1816502.000
Jun 30 21:53:34 ,535338.000
Jun 30 21:54:05 ,2301414.000
Jun 30 21:54:54 ,593515.000
Jun 30 21:55:11 ,1981272.000
Jun 30 21:56:00 ,1860199.000
Jun 30 21:56:17 ,1988919.000
Jun 30 21:57:06 ,2012722.000
Jun 30 21:57:22 ,2365969.000
Jun 30 21:58:14 ,1480659.000
Jun 30 21:58:29 ,1655170.000
Jun 30 21:59:19 ,2085042.000
Jun 30 21:59:34 ,2195447.000
Jun 30 22:00:42 ,510709.000
Jun 30 22:01:47 ,2284488.000
Jun 30 22:02:23 ,610259.000
Jun 30 22:02:54 ,1592008.000
Jun 30 22:03:28 ,2198463.000
Jun 30 22:04:04 ,1238964.000
Jun 30 22:04:33 ,2302182.000
Jun 30 22:05:16 ,902222.000
Jun 30 22:05:39 ,2225588.000
Jun 30 22:06:22 ,2126520.000
Jun 30 22:06:44 ,2368726.000
Jun 30 22:07:27 ,2363191.000
Jun 30 22:07:49 ,2072114.000
Jun 30 22:08:32 ,2374416.000
Jun 30 22:08:54 ,2304255.000
Jun 30 22:09:37 ,2304876.000
Jun 30 22:09:59 ,2234268.000
Jun 30 22:10:47 ,1127471.000
Jun 30 22:11:08 ,1386248.000
Jun 30 22:12:06 ,610604.000
Jun 30 22:12:20 ,926967.000
Jun 30 22:13:27 ,542205.000
Jun 30 22:14:55 ,419094.000
Jun 30 22:16:11 ,744510.000
Jun 30 22:17:18 ,1489110.000
Jun 30 22:17:34 ,1636368.000
Jun 30 22:18:30 ,989237.000
Jun 30 22:18:39 ,2295555.000
Jun 30 22:19:45 ,768979.000
Jun 30 22:21:01 ,737162.000
Jun 30 22:22:28 ,421831.000
Jun 30 22:23:38 ,1173124.000
Jun 30 22:24:56 ,628430.000
Jun 30 22:25:05 ,1973096.000
Jun 30 22:26:05 ,1288454.000
Jun 30 22:27:11 ,2032871.000
Jun 30 22:28:16 ,2295079.000
Jun 30 22:28:25 ,1515038.000
Jun 30 22:29:21 ,2264306.000
Jun 30 22:29:30 ,2392134.000
Jun 30 22:30:47 ,702362.000
Jun 30 22:31:52 ,2332400.000
Jun 30 22:32:08 ,1696193.000
Jun 30 22:32:57 ,2296401.000
Jun 30 22:33:13 ,2156368.000
Jun 30 22:34:02 ,2298666.000
Jun 30 22:34:18 ,2319897.000
Jun 30 22:35:07 ,2298946.000
Jun 30 22:35:23 ,2370271.000
Jun 30 22:36:12 ,2355143.000
Jun 30 22:36:28 ,2373853.000
Jun 30 22:37:17 ,2126088.000
Jun 30 22:37:34 ,2211602.000
Jun 30 22:38:22 ,2311931.000
Jun 30 22:38:39 ,2047899.000
Jun 30 22:39:27 ,2318410.000
Jun 30 22:39:44 ,2349089.000
Jun 30 22:40:33 ,2193283.000
Jun 30 22:40:49 ,2215004.000
Jun 30 22:41:41 ,1467959.000
Jun 30 22:41:55 ,2226372.000
Jun 30 22:42:47 ,1694082.000
Jun 30 22:43:00 ,2326252.000
Jun 30 22:43:53 ,2173090.000
Jun 30 22:44:05 ,2304806.000
Jun 30 22:44:58 ,2059536.000
Jun 30 22:45:28 ,501230.000
Jun 30 22:46:23 ,467628.000
Jun 30 22:46:33 ,2344321.000
Jun 30 22:47:33 ,1214977.000
Jun 30 22:47:39 ,1881048.000
Jun 30 22:48:40 ,1722251.000
Jun 30 22:49:45 ,1965666.000
Jun 30 22:50:51 ,2211465.000
Jun 30 22:51:56 ,2139016.000
Jun 30 22:52:02 ,2200424.000
Jun 30 22:53:02 ,1983754.000
Jun 30 22:54:08 ,1955899.000
Jun 30 22:54:21 ,942900.000
Jun 30 22:55:15 ,1751475.000
Jun 30 22:55:26 ,2261734.000
Jun 30 22:56:21 ,1791184.000
Jun 30 22:56:43 ,690200.000
Jun 30 22:57:39 ,655522.000
Jun 30 22:57:50 ,1561634.000
Jun 30 22:58:49 ,1178034.000
Jun 30 22:59:02 ,997239.000
Jun 30 22:59:54 ,2330700.000
Jun 30 23:01:00 ,198061.000
Jun 30 23:02:07 ,1768096.000
Jun 30 23:02:32 ,1204728.000
Jun 30 23:03:13 ,1802354.000
Jun 30 23:03:37 ,2265046.000
Jun 30 23:04:19 ,1911322.000
Jun 30 23:04:43 ,2080422.000
Jun 30 23:05:25 ,1850355.000
Jun 30 23:06:00 ,668273.000
Jun 30 23:06:33 ,1523809.000
Jun 30 23:07:08 ,1545969.000
Jun 30 23:07:39 ,1874882.000
Jun 30 23:08:18 ,1150600.000
Jun 30 23:08:46 ,1725212.000
Jun 30 23:09:23 ,2245290.000
Jun 30 23:09:51 ,2265089.000
Jun 30 23:10:33 ,1163826.000
Jun 30 23:11:02 ,1051501.000
Jun 30 23:11:43 ,1167248.000
Jun 30 23:12:08 ,1828639.000
Jun 30 23:12:49 ,1887387.000
Jun 30 23:13:14 ,2056997.000
Jun 30 23:13:54 ,2222118.000
Jun 30 23:14:19 ,2310095.000
Jun 30 23:15:05 ,1128145.000
Jun 30 23:15:40 ,565875.000
Jun 30 23:16:20 ,735838.000
Jun 30 23:16:45 ,2307446.000
Jun 30 23:17:25 ,2381254.000
Jun 30 23:17:50 ,2093580.000
Jun 30 23:18:31 ,1890015.000
Jun 30 23:18:55 ,2391058.000
Jun 30 23:19:36 ,2313926.000
Jun 30 23:20:00 ,2385187.000
Jun 30 23:20:42 ,2216592.000
Jun 30 23:21:06 ,1826655.000
Jun 30 23:21:47 ,2297408.000
Jun 30 23:22:11 ,2312951.000
Jun 30 23:22:52 ,2314929.000
Jun 30 23:23:17 ,2219822.000
Jun 30 23:23:57 ,2373240.000
Jun 30 23:24:26 ,1197351.000
Jun 30 23:25:02 ,2308281.000
Jun 30 23:25:31 ,2345293.000
Jun 30 23:26:07 ,2315327.000
Jun 30 23:26:37 ,2000733.000
Jun 30 23:27:12 ,2133049.000
Jun 30 23:27:42 ,2321894.000
Jun 30 23:28:18 ,2168881.000
Jun 30 23:28:47 ,2329983.000
Jun 30 23:29:23 ,2316117.000
Jun 30 23:29:52 ,2387464.000
Jun 30 23:30:37 ,804462.000
Jun 30 23:31:02 ,1114226.000
Jun 30 23:31:52 ,784904.000
Jun 30 23:32:08 ,2195288.000
Jun 30 23:32:57 ,2302127.000
Jun 30 23:33:13 ,2048885.000
Jun 30 23:34:02 ,2377596.000
Jun 30 23:34:19 ,2313971.000
Jun 30 23:35:07 ,2378471.000
Jun 30 23:35:24 ,2298766.000
Jun 30 23:36:12 ,2319219.000
Jun 30 23:36:28 ,2383777.000
Jun 30 23:37:17 ,2353578.000
Jun 30 23:37:34 ,2295429.000
Jun 30 23:38:22 ,2316535.000
Jun 30 23:38:38 ,2373139.000
Jun 30 23:39:27 ,2181028.000
Jun 30 23:39:44 ,2299190.000
Jun 30 23:40:34 ,1605528.000
Jun 30 23:40:50 ,1857165.000
Jun 30 23:41:39 ,2278990.000
Jun 30 23:41:55 ,2287886.000
Jun 30 23:42:45 ,2291829.000
Jun 30 23:43:00 ,2117295.000
Jun 30 23:43:50 ,2335302.000
Jun 30 23:44:05 ,2330560.000
Jun 30 23:44:54 ,2385676.000
Jun 30 23:45:47 ,278052.000
Jun 30 23:46:15 ,565404.000
Jun 30 23:46:52 ,2280936.000
Jun 30 23:47:20 ,2326048.000
Jun 30 23:47:58 ,2156502.000
Jun 30 23:48:25 ,2306139.000
Jun 30 23:49:04 ,1940241.000
Jun 30 23:49:30 ,2150875.000
Jun 30 23:50:09 ,2113780.000
Jun 30 23:50:35 ,2313013.000
Jun 30 23:51:14 ,2290058.000
Jun 30 23:51:41 ,2301955.000
Jun 30 23:52:19 ,2293349.000
Jun 30 23:52:45 ,2373242.000
Jun 30 23:53:24 ,2284973.000
Jun 30 23:53:50 ,2380055.000
Jun 30 23:54:29 ,2382742.000
Jun 30 23:54:55 ,2352411.000
Jun 30 23:55:34 ,2313529.000
Jun 30 23:56:00 ,2314590.000
Jun 30 23:56:39 ,2323545.000
Jun 30 23:57:05 ,2287951.000
Jun 30 23:57:44 ,2311844.000
Jun 30 23:58:10 ,2380909.000
Jun 30 23:58:49 ,2318271.000
Jun 30 23:59:15 ,2346438.000
Jun 30 23:59:54 ,2309908.000
Jul 01 00:00:34 ,616463.000
Jul 01 00:01:11 ,715465.000
Jul 01 00:01:43 ,1275425.000
Jul 01 00:02:16 ,2232706.000
Jul 01 00:02:48 ,2310480.000
Jul 01 00:03:21 ,2302304.000
Jul 01 00:03:53 ,2361706.000
Jul 01 00:04:26 ,2360416.000
Jul 01 00:04:58 ,2307893.000
Jul 01 00:05:31 ,2182770.000
Jul 01 00:06:03 ,2304432.000
Jul 01 00:06:36 ,2344791.000
Jul 01 00:07:09 ,1960055.000
Jul 01 00:07:42 ,2168975.000
Jul 01 00:08:14 ,2317009.000
Jul 01 00:08:47 ,2295657.000
Jul 01 00:09:19 ,2312719.000
Jul 01 00:09:52 ,2311147.000
Jul 01 00:10:27 ,1598375.000
Jul 01 00:10:57 ,2212743.000
Jul 01 00:11:32 ,2293303.000
Jul 01 00:12:02 ,2256816.000
Jul 01 00:12:37 ,2083496.000
Jul 01 00:13:07 ,2364896.000
Jul 01 00:13:42 ,2298548.000
Jul 01 00:14:12 ,2308653.000
Jul 01 00:14:47 ,2358617.000
Jul 01 00:15:24 ,0.000
Jul 01 00:16:05 ,656313.000
Jul 01 00:16:29 ,2301032.000
Jul 01 00:17:12 ,1753125.000
Jul 01 00:17:34 ,2379292.000
Jul 01 00:18:17 ,2386819.000
Jul 01 00:18:39 ,2355529.000
Jul 01 00:19:22 ,2318724.000
Jul 01 00:19:44 ,2385475.000
Jul 01 00:20:27 ,2230542.000
Jul 01 00:20:49 ,2189575.000
Jul 01 00:21:32 ,2137643.000
Jul 01 00:21:55 ,2292080.000
Jul 01 00:22:37 ,2289412.000
Jul 01 00:23:00 ,2340083.000
Jul 01 00:23:42 ,2358901.000
Jul 01 00:24:05 ,2094331.000
Jul 01 00:24:47 ,2346963.000
Jul 01 00:25:10 ,2381612.000
Jul 01 00:25:52 ,2360255.000
Jul 01 00:26:15 ,2296055.000
Jul 01 00:26:57 ,2312251.000
Jul 01 00:27:20 ,2300971.000
Jul 01 00:28:02 ,2315451.000
Jul 01 00:28:25 ,2383323.000
Jul 01 00:29:07 ,2373694.000
Jul 01 00:29:30 ,2358541.000
Jul 01 00:30:44 ,856132.000
Jul 01 00:31:49 ,2261414.000
Jul 01 00:32:07 ,2110532.000
Jul 01 00:32:54 ,2308671.000
Jul 01 00:33:12 ,2211532.000
Jul 01 00:33:59 ,2295420.000
Jul 01 00:34:17 ,2315122.000
Jul 01 00:35:04 ,2375750.000
Jul 01 00:35:22 ,2304582.000
Jul 01 00:36:09 ,2306606.000
Jul 01 00:36:27 ,2341225.000
Jul 01 00:37:14 ,2299705.000
Jul 01 00:37:32 ,2324279.000
Jul 01 00:38:19 ,2307180.000
Jul 01 00:38:37 ,2311101.000
Jul 01 00:39:24 ,2295051.000
Jul 01 00:39:42 ,2321355.000
Jul 01 00:40:29 ,2217943.000
Jul 01 00:40:48 ,2009311.000
Jul 01 00:41:34 ,2307004.000
Jul 01 00:41:53 ,2374835.000
Jul 01 00:42:39 ,2376695.000
Jul 01 00:42:58 ,2353724.000
Jul 01 00:43:44 ,2334692.000
Jul 01 00:44:03 ,2317438.000
Jul 01 00:44:49 ,2305919.000
Jul 01 00:45:41 ,302494.000
Jul 01 00:46:15 ,446220.000
Jul 01 00:46:46 ,2319424.000
Jul 01 00:47:20 ,2311837.000
Jul 01 00:47:51 ,2313985.000
Jul 01 00:48:25 ,2307654.000
Jul 01 00:48:56 ,2384958.000
Jul 01 00:49:31 ,1946650.000
Jul 01 00:50:01 ,2361041.000
Jul 01 00:50:36 ,2377456.000
Jul 01 00:51:12 ,1098711.000
Jul 01 00:51:42 ,2236347.000
Jul 01 00:52:16 ,2376894.000
Jul 01 00:52:47 ,2366106.000
Jul 01 00:53:21 ,2381117.000
Jul 01 00:53:52 ,2318032.000
Jul 01 00:54:26 ,2312393.000
Jul 01 00:54:57 ,2335177.000
Jul 01 00:55:31 ,2381952.000
Jul 01 00:56:02 ,2307280.000
Jul 01 00:56:36 ,2315685.000
Jul 01 00:57:07 ,2314890.000
Jul 01 00:57:41 ,2381756.000
Jul 01 00:58:12 ,2199297.000
Jul 01 00:58:46 ,2372050.000
Jul 01 00:59:17 ,2294746.000
Jul 01 00:59:51 ,2317913.000
Jul 01 01:00:50 ,350721.000
Jul 01 01:01:11 ,595269.000
Jul 01 01:01:55 ,2247737.000
Jul 01 01:02:17 ,1944096.000
Jul 01 01:03:00 ,2231614.000
Jul 01 01:03:22 ,2278273.000
Jul 01 01:04:06 ,1990583.000
Jul 01 01:04:27 ,2228403.000
Jul 01 01:05:13 ,1719641.000
Jul 01 01:05:32 ,2294041.000
Jul 01 01:06:18 ,2311065.000
Jul 01 01:06:37 ,2281548.000
Jul 01 01:07:23 ,2317152.000
Jul 01 01:07:42 ,2312290.000
Jul 01 01:08:28 ,2379919.000
Jul 01 01:08:47 ,2292315.000
Jul 01 01:09:33 ,2357013.000
Jul 01 01:09:52 ,2367135.000
Jul 01 01:10:38 ,2342601.000
Jul 01 01:10:58 ,2083049.000
Jul 01 01:11:43 ,2215268.000
Jul 01 01:12:03 ,2250341.000
Jul 01 01:12:48 ,2276861.000
Jul 01 01:13:08 ,2296139.000
Jul 01 01:13:53 ,2344104.000
Jul 01 01:14:13 ,2313213.000
Jul 01 01:15:00 ,1889734.000
Jul 01 01:15:47 ,339529.000
Jul 01 01:16:06 ,1846200.000
Jul 01 01:16:52 ,2366373.000
Jul 01 01:17:11 ,2354542.000
Jul 01 01:17:57 ,2335955.000
Jul 01 01:18:16 ,2331797.000
Jul 01 01:19:02 ,2310201.000
Jul 01 01:19:21 ,2341714.000
Jul 01 01:20:08 ,2154363.000
Jul 01 01:20:26 ,2233155.000
Jul 01 01:21:13 ,2223669.000
Jul 01 01:21:31 ,2351334.000
Jul 01 01:22:18 ,2131836.000
Jul 01 01:22:36 ,2309259.000
Jul 01 01:23:24 ,2314772.000
Jul 01 01:23:41 ,2381489.000
Jul 01 01:24:29 ,2189070.000
Jul 01 01:24:46 ,2297852.000
Jul 01 01:25:34 ,2342299.000
Jul 01 01:25:51 ,2312494.000
Jul 01 01:26:39 ,2312319.000
Jul 01 01:26:56 ,2358785.000
Jul 01 01:27:44 ,2362297.000
Jul 01 01:28:01 ,2320246.000
Jul 01 01:28:49 ,2304256.000
Jul 01 01:29:06 ,2315920.000
Jul 01 01:29:54 ,2313071.000
Jul 01 01:30:29 ,505339.000
Jul 01 01:31:09 ,763223.000
Jul 01 01:31:38 ,1282812.000
Jul 01 01:32:14 ,2229023.000
Jul 01 01:32:43 ,2276170.000
Jul 01 01:33:20 ,2205329.000
Jul 01 01:33:48 ,2368161.000
Jul 01 01:34:25 ,2355441.000
Jul 01 01:34:54 ,1946131.000
Jul 01 01:35:30 ,2335902.000
Jul 01 01:35:59 ,2326931.000
Jul 01 01:36:35 ,2366411.000
Jul 01 01:37:04 ,2271546.000
Jul 01 01:37:40 ,2079242.000
Jul 01 01:38:10 ,2317764.000
Jul 01 01:38:45 ,2308860.000
Jul 01 01:39:14 ,2367406.000
Jul 01 01:39:50 ,2370430.000
Jul 01 01:40:20 ,2256837.000
Jul 01 01:40:55 ,2361186.000
Jul 01 01:41:25 ,2171691.000
Jul 01 01:42:01 ,2186828.000
Jul 01 01:42:30 ,2339822.000
Jul 01 01:43:05 ,2377060.000
Jul 01 01:43:35 ,2321813.000
Jul 01 01:44:11 ,2298631.000
Jul 01 01:44:40 ,2315751.000
Jul 01 01:46:04 ,490621.000
Jul 01 01:47:11 ,1698576.000
Jul 01 01:48:16 ,2319025.000
Jul 01 01:49:21 ,2277731.000
Jul 01 01:50:26 ,2379088.000
Jul 01 01:51:31 ,2362836.000
Jul 01 01:51:38 ,2293395.000
Jul 01 01:52:36 ,2091784.000
Jul 01 01:52:43 ,2289194.000
Jul 01 01:53:41 ,2310416.000
Jul 01 01:53:48 ,2306346.000
Jul 01 01:54:46 ,2322326.000
Jul 01 01:54:53 ,2324397.000
Jul 01 01:55:53 ,1842829.000
Jul 01 01:56:02 ,1306510.000
Jul 01 01:56:58 ,2309110.000
Jul 01 01:57:07 ,2302947.000
Jul 01 01:58:03 ,2318253.000
Jul 01 01:58:12 ,2300596.000
Jul 01 01:59:08 ,2304741.000
Jul 01 01:59:17 ,2315183.000
Jul 01 02:00:32 ,481833.000
Jul 01 02:01:41 ,1224826.000
Jul 01 02:01:56 ,1937579.000
Jul 01 02:02:47 ,2238895.000
Jul 01 02:03:01 ,2325356.000
Jul 01 02:03:52 ,2321781.000
Jul 01 02:04:06 ,2339291.000
Jul 01 02:04:57 ,2307794.000
Jul 01 02:05:11 ,2302591.000
Jul 01 02:06:02 ,2309570.000
Jul 01 02:06:17 ,2300098.000
Jul 01 02:07:07 ,2384674.000
Jul 01 02:07:22 ,2313263.000
Jul 01 02:08:12 ,2372670.000
Jul 01 02:08:27 ,2324094.000
Jul 01 02:09:16 ,2385215.000
Jul 01 02:09:32 ,2301943.000
Jul 01 02:10:24 ,1615683.000
Jul 01 02:10:37 ,2297802.000
Jul 01 02:11:29 ,2216487.000
Jul 01 02:11:42 ,2200161.000
Jul 01 02:12:34 ,2306501.000
Jul 01 02:12:47 ,2312743.000
Jul 01 02:13:39 ,2348689.000
Jul 01 02:13:52 ,2309234.000
Jul 01 02:14:44 ,2381505.000
Jul 01 02:14:57 ,2305872.000
Jul 01 02:16:01 ,669830.000
Jul 01 02:17:07 ,2065963.000
Jul 01 02:18:12 ,2285222.000
Jul 01 02:19:17 ,2308507.000
Jul 01 02:19:22 ,2382350.000
Jul 01 02:20:23 ,1894443.000
Jul 01 02:21:28 ,2251820.000
Jul 01 02:22:34 ,2167516.000
Jul 01 02:22:45 ,2271125.000
Jul 01 02:23:40 ,1882455.000
Jul 01 02:23:50 ,2294628.000
Jul 01 02:24:45 ,2312930.000
Jul 01 02:24:55 ,2336798.000
Jul 01 02:25:50 ,2310338.000
Jul 01 02:26:00 ,2307404.000
Jul 01 02:26:55 ,2355230.000
Jul 01 02:27:05 ,2313275.000
Jul 01 02:28:00 ,2377745.000
Jul 01 02:28:10 ,2366364.000
Jul 01 02:29:05 ,2299920.000
Jul 01 02:29:15 ,2318925.000
Jul 01 02:30:42 ,437532.000
Jul 01 02:31:47 ,2316648.000
Jul 01 02:32:43 ,2134984.000
Jul 01 02:32:52 ,2352206.000
Jul 01 02:33:48 ,2311700.000
Jul 01 02:33:57 ,2308254.000
Jul 01 02:34:53 ,2366279.000
Jul 01 02:35:02 ,2281621.000
Jul 01 02:35:58 ,2305851.000
Jul 01 02:36:07 ,2319261.000
Jul 01 02:37:03 ,2297620.000
Jul 01 02:37:12 ,2308259.000
Jul 01 02:38:08 ,2290257.000
Jul 01 02:38:17 ,2242190.000
Jul 01 02:39:14 ,2258149.000
Jul 01 02:39:22 ,2302145.000
Jul 01 02:40:21 ,1680218.000
Jul 01 02:40:28 ,2212110.000
Jul 01 02:41:26 ,2308021.000
Jul 01 02:41:33 ,2337167.000
Jul 01 02:42:31 ,2268140.000
Jul 01 02:42:38 ,2243514.000
Jul 01 02:43:36 ,2313636.000
Jul 01 02:43:44 ,1925389.000
Jul 01 02:44:41 ,2311943.000
Jul 01 02:44:49 ,2381452.000
Jul 01 02:45:58 ,665957.000
Jul 01 02:47:03 ,2299309.000
Jul 01 02:47:22 ,2318363.000
Jul 01 02:48:08 ,2316083.000
Jul 01 02:48:27 ,2313014.000
Jul 01 02:49:13 ,2313664.000
Jul 01 02:49:32 ,2313419.000
Jul 01 02:50:21 ,1565447.000
Jul 01 02:50:37 ,2253353.000
Jul 01 02:51:27 ,1811674.000
Jul 01 02:51:42 ,2229513.000
Jul 01 02:52:32 ,2342959.000
Jul 01 02:52:48 ,2070680.000
Jul 01 02:53:37 ,2292889.000
Jul 01 02:53:53 ,2315500.000
Jul 01 02:54:43 ,2301630.000
Jul 01 02:54:58 ,2308116.000
Jul 01 02:55:48 ,2306864.000
Jul 01 02:56:03 ,2316198.000
Jul 01 02:56:53 ,2374647.000
Jul 01 02:57:08 ,2306146.000
Jul 01 02:57:58 ,2341453.000
Jul 01 02:58:13 ,2386802.000
Jul 01 02:59:03 ,2337490.000
Jul 01 02:59:18 ,2385498.000
Jul 01 03:00:17 ,799502.000
Jul 01 03:00:46 ,405206.000
Jul 01 03:01:37 ,590651.000
Jul 01 03:01:52 ,2293981.000
Jul 01 03:02:42 ,2105248.000
Jul 01 03:02:57 ,2320468.000
Jul 01 03:03:47 ,2263234.000
Jul 01 03:04:05 ,1386240.000
Jul 01 03:04:53 ,2298245.000
Jul 01 03:05:10 ,2206311.000
Jul 01 03:05:58 ,2302293.000
Jul 01 03:06:15 ,2335972.000
Jul 01 03:07:02 ,2388920.000
Jul 01 03:07:20 ,2311158.000
Jul 01 03:08:08 ,2310861.000
Jul 01 03:08:26 ,2053504.000
Jul 01 03:09:13 ,2301982.000
Jul 01 03:09:31 ,2318586.000
Jul 01 03:10:18 ,2194334.000
Jul 01 03:10:37 ,1894216.000
Jul 01 03:11:23 ,2201639.000
Jul 01 03:11:42 ,2368848.000
Jul 01 03:12:29 ,2195327.000
Jul 01 03:12:47 ,2233549.000
Jul 01 03:13:35 ,1847170.000
Jul 01 03:13:53 ,2305266.000
Jul 01 03:14:40 ,2377891.000
Jul 01 03:14:58 ,2337999.000
Jul 01 03:16:00 ,564403.000
Jul 01 03:17:05 ,2308169.000
Jul 01 03:17:14 ,2309302.000
Jul 01 03:18:10 ,2359468.000
Jul 01 03:18:19 ,2317445.000
Jul 01 03:19:16 ,2303915.000
Jul 01 03:19:24 ,2382422.000
Jul 01 03:20:21 ,2333763.000
Jul 01 03:20:29 ,2330103.000
Jul 01 03:21:26 ,2352261.000
Jul 01 03:21:34 ,2210994.000
Jul 01 03:22:31 ,2339436.000
Jul 01 03:22:39 ,2267911.000
Jul 01 03:23:36 ,2011608.000
Jul 01 03:23:44 ,2249684.000
Jul 01 03:24:41 ,2322639.000
Jul 01 03:24:50 ,2043442.000
Jul 01 03:25:47 ,2248973.000
Jul 01 03:25:55 ,2302931.000
Jul 01 03:26:52 ,2305731.000
Jul 01 03:27:00 ,2311967.000
Jul 01 03:27:57 ,2296958.000
Jul 01 03:28:05 ,2340132.000
Jul 01 03:29:02 ,2304407.000
Jul 01 03:29:10 ,2361374.000
Jul 01 03:30:18 ,701128.000
Jul 01 03:31:38 ,597611.000
Jul 01 03:32:01 ,2101448.000
Jul 01 03:32:43 ,2257386.000
Jul 01 03:33:06 ,1992931.000
Jul 01 03:33:48 ,2347700.000
Jul 01 03:34:12 ,2305035.000
Jul 01 03:34:53 ,2182935.000
Jul 01 03:35:17 ,2337968.000
Jul 01 03:35:58 ,2385483.000
Jul 01 03:36:22 ,2296197.000
Jul 01 03:37:03 ,2297191.000
Jul 01 03:37:27 ,2312761.000
Jul 01 03:38:08 ,2311706.000
Jul 01 03:38:32 ,2184840.000
Jul 01 03:39:13 ,2350822.000
Jul 01 03:39:37 ,2373485.000
Jul 01 03:40:20 ,1838904.000
Jul 01 03:40:42 ,2242526.000
Jul 01 03:41:26 ,1920319.000
Jul 01 03:41:47 ,2295607.000
Jul 01 03:42:31 ,2199166.000
Jul 01 03:42:52 ,2295505.000
Jul 01 03:43:36 ,2329012.000
Jul 01 03:43:57 ,2368509.000
Jul 01 03:44:41 ,2339132.000
Jul 01 03:45:02 ,2290451.000
Jul 01 03:45:57 ,717586.000
Jul 01 03:46:08 ,2238158.000
Jul 01 03:47:02 ,2311421.000
Jul 01 03:47:13 ,2374245.000
Jul 01 03:48:08 ,2259060.000
Jul 01 03:48:19 ,1789113.000
Jul 01 03:49:13 ,2307083.000
Jul 01 03:49:24 ,2316341.000
Jul 01 03:50:18 ,2243095.000
Jul 01 03:50:30 ,1919409.000
Jul 01 03:51:24 ,1948718.000
Jul 01 03:51:36 ,2160620.000
Jul 01 03:52:29 ,2297105.000
Jul 01 03:52:41 ,2319448.000
Jul 01 03:53:34 ,2324736.000
Jul 01 03:53:46 ,2301005.000
Jul 01 03:54:39 ,2387867.000
Jul 01 03:54:51 ,2331299.000
Jul 01 03:55:44 ,2305860.000
Jul 01 03:55:56 ,2384596.000
Jul 01 03:56:49 ,2303076.000
Jul 01 03:57:01 ,2138796.000
Jul 01 03:57:55 ,2037149.000
Jul 01 03:58:06 ,2304413.000
Jul 01 03:59:00 ,2320841.000
Jul 01 03:59:11 ,2313307.000
Jul 01 04:00:05 ,2382278.000
Jul 01 04:00:24 ,0.000
Jul 01 04:01:20 ,749114.000
Jul 01 04:01:36 ,969886.000
Jul 01 04:02:26 ,2169234.000
Jul 01 04:02:41 ,2209728.000
Jul 01 04:03:32 ,1882886.000
Jul 01 04:03:47 ,2222245.000
Jul 01 04:04:37 ,2203409.000
Jul 01 04:04:52 ,2284056.000
Jul 01 04:05:42 ,2287292.000
Jul 01 04:05:57 ,2294459.000
Jul 01 04:06:47 ,2313260.000
Jul 01 04:07:02 ,2320245.000
Jul 01 04:07:53 ,2289597.000
Jul 01 04:08:07 ,2316787.000
Jul 01 04:08:58 ,2347485.000
Jul 01 04:09:13 ,1933629.000
Jul 01 04:10:02 ,2359332.000
Jul 01 04:10:20 ,1809931.000
Jul 01 04:11:08 ,2247190.000
Jul 01 04:11:25 ,2213014.000
Jul 01 04:12:13 ,2324374.000
Jul 01 04:12:30 ,2298894.000
Jul 01 04:13:18 ,2371748.000
Jul 01 04:13:35 ,2263930.000
Jul 01 04:14:23 ,2310739.000
Jul 01 04:14:40 ,2302584.000
Jul 01 04:15:47 ,469823.000
Jul 01 04:16:52 ,2297558.000
Jul 01 04:17:03 ,2325093.000
Jul 01 04:17:57 ,2344728.000
Jul 01 04:18:08 ,2377266.000
Jul 01 04:19:03 ,2301055.000
Jul 01 04:19:13 ,2314625.000
Jul 01 04:20:09 ,1969991.000
Jul 01 04:20:18 ,2314598.000
Jul 01 04:21:14 ,1994954.000
Jul 01 04:21:23 ,2220414.000
Jul 01 04:22:19 ,2310016.000
Jul 01 04:22:28 ,2238816.000
Jul 01 04:23:25 ,2215603.000
Jul 01 04:23:33 ,2288782.000
Jul 01 04:24:30 ,2283398.000
Jul 01 04:24:38 ,2380421.000
Jul 01 04:25:35 ,2386386.000
Jul 01 04:25:43 ,2307335.000
Jul 01 04:26:40 ,2348644.000
Jul 01 04:26:49 ,2318436.000
Jul 01 04:27:45 ,2322178.000
Jul 01 04:27:54 ,2312405.000
Jul 01 04:28:50 ,2322713.000
Jul 01 04:28:59 ,2318943.000
Jul 01 04:29:55 ,2369623.000
Jul 01 04:30:04 ,2317974.000
Jul 01 04:31:04 ,1237661.000
Jul 01 04:32:09 ,2295647.000
Jul 01 04:32:38 ,2224021.000
Jul 01 04:33:14 ,2355462.000
Jul 01 04:33:43 ,2374618.000
Jul 01 04:34:19 ,2383493.000
Jul 01 04:34:48 ,2274790.000
Jul 01 04:35:24 ,2388758.000
Jul 01 04:35:53 ,2276800.000
Jul 01 04:36:29 ,2305122.000
Jul 01 04:36:58 ,2376836.000
Jul 01 04:37:34 ,2388153.000
Jul 01 04:38:03 ,2358114.000
Jul 01 04:38:39 ,2310467.000
Jul 01 04:39:09 ,1940716.000
Jul 01 04:39:44 ,2370393.000
Jul 01 04:40:17 ,1467103.000
Jul 01 04:40:49 ,2260135.000
Jul 01 04:41:22 ,2097955.000
Jul 01 04:41:55 ,1941795.000
Jul 01 04:42:27 ,2356463.000
Jul 01 04:43:02 ,1749173.000
Jul 01 04:43:32 ,2301622.000
Jul 01 04:44:07 ,2302043.000
Jul 01 04:44:38 ,2302228.000
Jul 01 04:45:33 ,441510.000
Jul 01 04:45:57 ,596513.000
Jul 01 04:46:38 ,2303786.000
Jul 01 04:47:02 ,2304632.000
Jul 01 04:47:44 ,2317356.000
Jul 01 04:48:07 ,2347332.000
Jul 01 04:48:49 ,2322362.000
Jul 01 04:49:12 ,2386784.000
Jul 01 04:49:54 ,2103828.000
Jul 01 04:50:18 ,2089138.000
Jul 01 04:50:59 ,2227548.000
Jul 01 04:51:23 ,2202999.000
Jul 01 04:52:06 ,1705959.000
Jul 01 04:52:28 ,2302418.000
Jul 01 04:53:12 ,2018995.000
Jul 01 04:53:33 ,2300110.000
Jul 01 04:54:17 ,2312254.000
Jul 01 04:54:38 ,2327242.000
Jul 01 04:55:22 ,2310395.000
Jul 01 04:55:43 ,2310538.000
Jul 01 04:56:27 ,2375194.000
Jul 01 04:56:48 ,2356615.000
Jul 01 04:57:33 ,2031867.000
Jul 01 04:57:53 ,2306890.000
Jul 01 04:58:38 ,2309965.000
Jul 01 04:58:58 ,2323515.000
Jul 01 04:59:43 ,2310127.000
Jul 01 05:00:03 ,2315631.000
Jul 01 05:01:09 ,455483.000
Jul 01 05:02:14 ,2273060.000
Jul 01 05:02:25 ,1507981.000
Jul 01 05:03:19 ,2299617.000
Jul 01 05:03:32 ,1465784.000
Jul 01 05:04:24 ,2267060.000
Jul 01 05:04:38 ,2312287.000
Jul 01 05:05:29 ,2302129.000
Jul 01 05:05:43 ,2325537.000
Jul 01 05:06:34 ,2280942.000
Jul 01 05:06:48 ,2316945.000
Jul 01 05:07:40 ,2048580.000
Jul 01 05:07:53 ,2310079.000
Jul 01 05:08:45 ,2365075.000
Jul 01 05:08:58 ,2061962.000
Jul 01 05:09:50 ,2344723.000
Jul 01 05:10:03 ,2330973.000
Jul 01 05:10:55 ,2232673.000
Jul 01 05:11:09 ,2276733.000
Jul 01 05:12:01 ,2003592.000
Jul 01 05:12:14 ,2058425.000
Jul 01 05:13:06 ,2340822.000
Jul 01 05:13:19 ,2285477.000
Jul 01 05:14:11 ,2375291.000
Jul 01 05:14:25 ,2320164.000
Jul 01 05:15:23 ,0.000
Jul 01 05:15:53 ,400478.000
Jul 01 05:16:30 ,1693294.000
Jul 01 05:16:58 ,2305204.000
Jul 01 05:17:35 ,2316280.000
Jul 01 05:18:04 ,2117285.000
Jul 01 05:18:40 ,2315896.000
Jul 01 05:19:10 ,2054638.000
Jul 01 05:19:45 ,2319660.000
Jul 01 05:20:15 ,2173216.000
Jul 01 05:20:50 ,2163699.000
Jul 01 05:21:20 ,2310504.000
Jul 01 05:21:55 ,2293302.000
Jul 01 05:22:25 ,2258851.000
Jul 01 05:23:00 ,2311266.000
Jul 01 05:23:30 ,2373716.000
Jul 01 05:24:06 ,2293740.000
Jul 01 05:24:35 ,2390438.000
Jul 01 05:25:11 ,2377236.000
Jul 01 05:25:41 ,2076708.000
Jul 01 05:26:16 ,2313281.000
Jul 01 05:26:46 ,2327025.000
Jul 01 05:27:21 ,2381350.000
Jul 01 05:27:52 ,2029438.000
Jul 01 05:28:26 ,2317907.000
Jul 01 05:28:57 ,2319827.000
Jul 01 05:29:31 ,2318840.000
Jul 01 05:30:02 ,2329920.000
Jul 01 05:30:55 ,469568.000
Jul 01 05:31:09 ,1608729.000
Jul 01 05:32:01 ,2221272.000
Jul 01 05:32:14 ,2220207.000
Jul 01 05:33:06 ,2191298.000
Jul 01 05:33:20 ,2195744.000
Jul 01 05:34:12 ,2051885.000
Jul 01 05:34:25 ,2295730.000
Jul 01 05:35:17 ,2294961.000
Jul 01 05:35:30 ,2388106.000
Jul 01 05:36:22 ,2319223.000
Jul 01 05:36:35 ,2310544.000
Jul 01 05:37:27 ,2309966.000
Jul 01 05:37:40 ,2298284.000
Jul 01 05:38:32 ,2159179.000
Jul 01 05:38:45 ,2313099.000
Jul 01 05:39:37 ,2362704.000
Jul 01 05:39:50 ,2319678.000
Jul 01 05:40:43 ,2014154.000
Jul 01 05:40:55 ,2284933.000
Jul 01 05:41:48 ,2352311.000
Jul 01 05:42:02 ,1705657.000
Jul 01 05:42:53 ,2381990.000
Jul 01 05:43:07 ,2316302.000
Jul 01 05:43:58 ,2307792.000
Jul 01 05:44:12 ,2308107.000
Jul 01 05:45:04 ,2005891.000
Jul 01 05:45:23 ,0.000
Jul 01 05:46:25 ,562791.000
Jul 01 05:47:30 ,2350023.000
Jul 01 05:48:35 ,2312093.000
Jul 01 05:49:40 ,2300169.000
Jul 01 05:50:45 ,2228439.000
Jul 01 05:51:50 ,2237072.000
Jul 01 05:52:56 ,2245355.000
Jul 01 05:54:01 ,2040679.000
Jul 01 05:54:06 ,2385436.000
Jul 01 05:55:06 ,2307919.000
Jul 01 05:56:11 ,2316271.000
Jul 01 05:57:17 ,2061330.000
Jul 01 05:58:22 ,2315508.000
Jul 01 05:59:27 ,2321662.000
Jul 01 05:59:39 ,2306950.000
Jul 01 06:00:46 ,614164.000
Jul 01 06:01:51 ,2228047.000
Jul 01 06:02:08 ,2314133.000
Jul 01 06:02:56 ,2324242.000
Jul 01 06:03:13 ,2301809.000
Jul 01 06:04:03 ,1844998.000
Jul 01 06:04:19 ,2193978.000
Jul 01 06:05:08 ,2111621.000
Jul 01 06:05:24 ,2246957.000
Jul 01 06:06:13 ,2345758.000
Jul 01 06:06:29 ,2313778.000
Jul 01 06:07:18 ,2372438.000
Jul 01 06:07:34 ,2363777.000
Jul 01 06:08:24 ,2068297.000
Jul 01 06:08:39 ,2361054.000
Jul 01 06:09:29 ,2206084.000
Jul 01 06:09:44 ,2305780.000
Jul 01 06:10:35 ,1988300.000
Jul 01 06:10:50 ,1964729.000
Jul 01 06:11:40 ,2320328.000
Jul 01 06:11:55 ,2263172.000
Jul 01 06:12:45 ,2324810.000
Jul 01 06:13:01 ,2048525.000
Jul 01 06:13:50 ,2317187.000
Jul 01 06:14:06 ,2310140.000
Jul 01 06:14:55 ,2364568.000
Jul 01 06:15:25 ,0.000
Jul 01 06:16:13 ,650690.000
Jul 01 06:16:30 ,2316064.000
Jul 01 06:17:18 ,2303414.000
Jul 01 06:17:35 ,2389547.000
Jul 01 06:18:23 ,2338612.000
Jul 01 06:18:40 ,2295037.000
Jul 01 06:19:28 ,2319378.000
Jul 01 06:19:45 ,2313068.000
Jul 01 06:20:34 ,2134837.000
Jul 01 06:20:51 ,2252424.000
Jul 01 06:21:39 ,2248394.000
Jul 01 06:21:56 ,2301971.000
Jul 01 06:22:45 ,2109818.000
Jul 01 06:23:01 ,2083410.000
Jul 01 06:23:50 ,2324725.000
Jul 01 06:24:06 ,2382180.000
Jul 01 06:24:55 ,2361147.000
Jul 01 06:25:11 ,2326657.000
Jul 01 06:26:00 ,2308734.000
Jul 01 06:26:17 ,2311246.000
Jul 01 06:27:05 ,2315181.000
Jul 01 06:27:22 ,2303000.000
Jul 01 06:28:10 ,2106384.000
Jul 01 06:28:27 ,2302431.000
Jul 01 06:29:15 ,2308086.000
Jul 01 06:29:32 ,2311714.000
Jul 01 06:30:44 ,406860.000
Jul 01 06:31:50 ,1948004.000
Jul 01 06:32:55 ,2359479.000
Jul 01 06:33:02 ,2345990.000
Jul 01 06:34:01 ,1913822.000
Jul 01 06:34:07 ,2222911.000
Jul 01 06:35:07 ,2063965.000
Jul 01 06:35:12 ,2309251.000
Jul 01 06:36:12 ,2358217.000
Jul 01 06:36:18 ,2314052.000
Jul 01 06:37:17 ,2302209.000
Jul 01 06:37:23 ,2382049.000
Jul 01 06:38:22 ,2376771.000
Jul 01 06:38:28 ,2327222.000
Jul 01 06:39:27 ,2377727.000
Jul 01 06:39:33 ,2349135.000
Jul 01 06:40:32 ,2291849.000
Jul 01 06:40:38 ,2293092.000
Jul 01 06:41:37 ,2311836.000
Jul 01 06:41:43 ,2199519.000
Jul 01 06:42:42 ,2248604.000
Jul 01 06:42:49 ,2028322.000
Jul 01 06:43:47 ,2253581.000
Jul 01 06:43:54 ,2270280.000
Jul 01 06:44:54 ,1772889.000
Jul 01 06:44:59 ,2316944.000
Jul 01 06:46:16 ,693249.000
Jul 01 06:47:21 ,2277926.000
Jul 01 06:48:26 ,2314850.000
Jul 01 06:48:32 ,2318230.000
Jul 01 06:49:31 ,2314075.000
Jul 01 06:49:36 ,2390122.000
Jul 01 06:50:42 ,1057559.000
Jul 01 06:51:48 ,2149995.000
Jul 01 06:52:55 ,1587198.000
Jul 01 06:53:11 ,918718.000
Jul 01 06:54:03 ,1415643.000
Jul 01 06:54:32 ,568467.000
Jul 01 06:55:08 ,2364513.000
Jul 01 06:55:37 ,2048255.000
Jul 01 06:56:13 ,2319530.000
Jul 01 06:56:43 ,2019384.000
Jul 01 06:57:18 ,2353463.000
Jul 01 06:57:48 ,2325306.000
Jul 01 06:58:23 ,2297187.000
Jul 01 06:58:53 ,2298738.000
Jul 01 06:59:29 ,2283112.000
Jul 01 06:59:59 ,2001649.000
Jul 01 07:00:46 ,675556.000
Jul 01 07:01:10 ,1103875.000
Jul 01 07:01:51 ,2207402.000
Jul 01 07:02:15 ,2197311.000
Jul 01 07:02:56 ,2337598.000
Jul 01 07:03:22 ,1797637.000
Jul 01 07:04:01 ,2210446.000
Jul 01 07:04:27 ,2202018.000
Jul 01 07:05:06 ,2302046.000
Jul 01 07:05:32 ,2356171.000
Jul 01 07:06:12 ,2310979.000
Jul 01 07:06:37 ,2307149.000
Jul 01 07:07:17 ,2309593.000
Jul 01 07:07:42 ,2308661.000
Jul 01 07:08:22 ,2337181.000
Jul 01 07:08:47 ,2310765.000
Jul 01 07:09:28 ,1898703.000
Jul 01 07:09:52 ,2383633.000
Jul 01 07:10:33 ,2239146.000
Jul 01 07:10:59 ,1755286.000
Jul 01 07:11:38 ,2293543.000
Jul 01 07:12:04 ,2336728.000
Jul 01 07:12:43 ,2336548.000
Jul 01 07:13:09 ,2305955.000
Jul 01 07:13:48 ,2303494.000
Jul 01 07:14:14 ,2209424.000
Jul 01 07:14:53 ,2314100.000
Jul 01 07:15:53 ,295511.000
Jul 01 07:16:09 ,740727.000
Jul 01 07:16:58 ,2341513.000
Jul 01 07:17:14 ,2250684.000
Jul 01 07:18:04 ,2307277.000
Jul 01 07:18:19 ,2295382.000
Jul 01 07:19:09 ,2363890.000
Jul 01 07:19:25 ,2292277.000
Jul 01 07:20:14 ,2220564.000
Jul 01 07:20:31 ,1700371.000
Jul 01 07:21:20 ,2055599.000
Jul 01 07:21:37 ,2246151.000
Jul 01 07:22:26 ,1874508.000
Jul 01 07:22:42 ,2314025.000
Jul 01 07:23:32 ,1981366.000
Jul 01 07:23:48 ,1907796.000
Jul 01 07:24:37 ,2031292.000
Jul 01 07:24:53 ,2277526.000
Jul 01 07:25:44 ,1859324.000
Jul 01 07:25:59 ,2020622.000
Jul 01 07:26:49 ,2154569.000
Jul 01 07:27:10 ,1053488.000
Jul 01 07:27:54 ,2310876.000
Jul 01 07:28:18 ,1474118.000
Jul 01 07:29:05 ,1079014.000
Jul 01 07:29:23 ,2380754.000
Jul 01 07:30:32 ,429520.000
Jul 01 07:31:56 ,484624.000
Jul 01 07:33:11 ,798412.000
Jul 01 07:34:25 ,812474.000
Jul 01 07:34:32 ,2267468.000
Jul 01 07:35:30 ,2266473.000
Jul 01 07:35:37 ,2048460.000
Jul 01 07:36:35 ,2154893.000
Jul 01 07:36:43 ,2092013.000
Jul 01 07:37:41 ,2082131.000
Jul 01 07:37:48 ,2220817.000
Jul 01 07:38:46 ,2377925.000
Jul 01 07:38:55 ,1748774.000
Jul 01 07:39:51 ,2201930.000
Jul 01 07:40:01 ,2022267.000
Jul 01 07:41:00 ,1397386.000
Jul 01 07:41:07 ,1988325.000
Jul 01 07:42:06 ,1760149.000
Jul 01 07:42:13 ,1789331.000
Jul 01 07:43:12 ,2277470.000
Jul 01 07:43:18 ,2338015.000
Jul 01 07:44:17 ,2310362.000
Jul 01 07:44:23 ,2374272.000
Jul 01 07:45:44 ,430464.000
Jul 01 07:46:49 ,2217421.000
Jul 01 07:47:05 ,2320508.000
Jul 01 07:47:54 ,2305090.000
Jul 01 07:48:10 ,2297848.000
Jul 01 07:49:03 ,1351642.000
Jul 01 07:49:15 ,2307457.000
Jul 01 07:50:10 ,1528675.000
Jul 01 07:50:23 ,1550844.000
Jul 01 07:51:15 ,2317758.000
Jul 01 07:51:28 ,2214180.000
Jul 01 07:52:20 ,2366849.000
Jul 01 07:52:33 ,2329668.000
Jul 01 07:53:26 ,2164442.000
Jul 01 07:53:38 ,2252503.000
Jul 01 07:54:33 ,1591516.000
Jul 01 07:54:44 ,2179597.000
Jul 01 07:55:38 ,2289078.000
Jul 01 07:55:50 ,1907504.000
Jul 01 07:56:43 ,2343264.000
Jul 01 07:56:55 ,2384669.000
Jul 01 07:57:48 ,2284577.000
Jul 01 07:58:00 ,2334777.000
Jul 01 07:58:57 ,1392109.000
Jul 01 07:59:05 ,2381160.000
Jul 01 08:00:11 ,802958.000
Jul 01 08:01:27 ,723400.000
Jul 01 08:01:39 ,1375265.000
Jul 01 08:02:33 ,1901466.000
Jul 01 08:02:45 ,1888521.000
Jul 01 08:03:39 ,2164625.000
Jul 01 08:03:51 ,2085461.000
Jul 01 08:04:44 ,2279932.000
Jul 01 08:04:56 ,2343940.000
Jul 01 08:05:51 ,1607845.000
Jul 01 08:06:04 ,1374741.000
Jul 01 08:06:56 ,2331291.000
Jul 01 08:07:12 ,1458555.000
Jul 01 08:08:01 ,2327001.000
Jul 01 08:08:17 ,2316365.000
Jul 01 08:09:06 ,2311365.000
Jul 01 08:09:24 ,1811011.000
Jul 01 08:10:14 ,1548708.000
Jul 01 08:10:30 ,1955382.000
Jul 01 08:11:19 ,2252693.000
Jul 01 08:11:35 ,2284955.000
Jul 01 08:12:25 ,1954495.000
Jul 01 08:12:40 ,2378002.000
Jul 01 08:13:32 ,1676086.000
Jul 01 08:13:45 ,2308411.000
Jul 01 08:14:41 ,1336553.000
Jul 01 08:14:55 ,1148591.000
Jul 01 08:16:02 ,560461.000
Jul 01 08:17:07 ,2322780.000
Jul 01 08:17:29 ,1280129.000
Jul 01 08:18:15 ,1377301.000
Jul 01 08:18:34 ,2296150.000
Jul 01 08:19:21 ,1882244.000
Jul 01 08:19:39 ,2313932.000
Jul 01 08:20:29 ,1535680.000
Jul 01 08:20:45 ,2034385.000
Jul 01 08:21:36 ,1773173.000
Jul 01 08:23:27 ,0.000
Jul 01 08:24:33 ,2185311.000
Jul 01 08:25:38 ,2243661.000
Jul 01 08:25:57 ,1986250.000
Jul 01 08:26:43 ,2198441.000
Jul 01 08:27:02 ,2290516.000
Jul 01 08:27:52 ,1372162.000
Jul 01 08:28:08 ,2166112.000
Jul 01 08:29:05 ,856060.000
Jul 01 08:29:13 ,2297578.000
Jul 01 08:30:38 ,358905.000
Jul 01 08:31:45 ,1668601.000
Jul 01 08:32:55 ,1075315.000
Jul 01 08:33:01 ,2223952.000
Jul 01 08:34:01 ,2253346.000
Jul 01 08:34:07 ,2213740.000
Jul 01 08:35:08 ,1675136.000
Jul 01 08:36:13 ,2292790.000
Jul 01 08:36:21 ,2022173.000
Jul 01 08:37:27 ,1852700.000
Jul 01 08:38:33 ,2202960.000
Jul 01 08:39:38 ,2298074.000
Jul 01 08:39:48 ,2081494.000
Jul 01 08:40:43 ,2170885.000
Jul 01 08:40:53 ,2374872.000
Jul 01 08:41:48 ,2272695.000
Jul 01 08:41:58 ,2320770.000
Jul 01 08:42:53 ,2351147.000
Jul 01 08:43:04 ,2259939.000
Jul 01 08:44:01 ,1606276.000
Jul 01 08:44:09 ,2301945.000
Jul 01 08:45:33 ,467992.000
Jul 01 08:46:39 ,2254591.000
Jul 01 08:47:29 ,2331565.000
Jul 01 08:47:44 ,2378735.000
Jul 01 08:48:34 ,2359813.000
Jul 01 08:48:49 ,2361043.000
Jul 01 08:49:39 ,2296092.000
Jul 01 08:49:54 ,2373996.000
Jul 01 08:50:44 ,2244849.000
Jul 01 08:50:59 ,2217480.000
Jul 01 08:51:50 ,2151979.000
Jul 01 08:52:07 ,1416765.000
Jul 01 08:53:03 ,899222.000
Jul 01 08:53:12 ,2316015.000
Jul 01 08:54:08 ,2317718.000
Jul 01 08:54:17 ,2316609.000
Jul 01 08:55:13 ,2358170.000
Jul 01 08:55:22 ,2389062.000
Jul 01 08:56:19 ,1974703.000
Jul 01 08:56:27 ,2315395.000
Jul 01 08:57:24 ,2307186.000
Jul 01 08:57:32 ,2379095.000
Jul 01 08:58:29 ,2287569.000
Jul 01 08:58:37 ,2371190.000
Jul 01 08:59:44 ,1725621.000
Jul 01 09:01:02 ,651803.000
Jul 01 09:02:13 ,1070608.000
Jul 01 09:03:19 ,1755267.000
Jul 01 09:04:25 ,2148445.000
Jul 01 09:04:33 ,2034445.000
Jul 01 09:05:30 ,2291944.000
Jul 01 09:05:39 ,2295287.000
Jul 01 09:06:36 ,2034732.000
Jul 01 09:06:44 ,2302205.000
Jul 01 09:07:41 ,2353195.000
Jul 01 09:07:49 ,2342042.000
Jul 01 09:08:46 ,2379008.000
Jul 01 09:08:54 ,2360561.000
Jul 01 09:09:51 ,2310337.000
Jul 01 09:10:00 ,2001882.000
Jul 01 09:10:57 ,1929616.000
Jul 01 09:11:05 ,2147587.000
Jul 01 09:12:02 ,2313866.000
Jul 01 09:12:10 ,2349239.000
Jul 01 09:13:07 ,2386980.000
Jul 01 09:13:15 ,2355330.000
Jul 01 09:14:12 ,2304788.000
Jul 01 09:14:20 ,2388638.000
Jul 01 09:15:40 ,580173.000
Jul 01 09:16:49 ,1249419.000
Jul 01 09:17:15 ,1700166.000
Jul 01 09:17:57 ,1610549.000
Jul 01 09:18:21 ,1744512.000
Jul 01 09:19:02 ,2191059.000
Jul 01 09:19:28 ,1802289.000
Jul 01 09:20:07 ,2176460.000
Jul 01 09:20:34 ,1926032.000
Jul 01 09:21:15 ,1483033.000
Jul 01 09:21:39 ,2277977.000
Jul 01 09:22:22 ,1749458.000
Jul 01 09:22:45 ,2126391.000
Jul 01 09:23:28 ,2014940.000
Jul 01 09:23:53 ,1383719.000
Jul 01 09:24:33 ,2318367.000
Jul 01 09:24:58 ,2309721.000
Jul 01 09:25:38 ,2288343.000
Jul 01 09:26:03 ,2347380.000
Jul 01 09:26:44 ,1967677.000
Jul 01 09:27:09 ,2043077.000
Jul 01 09:27:52 ,1428092.000
Jul 01 09:28:14 ,2317582.000
Jul 01 09:29:02 ,1175647.000
Jul 01 09:29:21 ,1776768.000
Jul 01 09:30:16 ,0.000
Jul 01 09:30:54 ,352120.000
Jul 01 09:31:57 ,285884.000
Jul 01 09:33:13 ,715595.000
Jul 01 09:33:39 ,494104.000
Jul 01 09:34:29 ,717826.000
Jul 01 09:34:50 ,1031737.000
Jul 01 09:35:48 ,627458.000
Jul 01 09:36:08 ,677541.000
Jul 01 09:37:05 ,659308.000
Jul 01 09:37:21 ,836002.000
Jul 01 09:38:11 ,2265436.000
Jul 01 09:38:27 ,2294008.000
Jul 01 09:39:16 ,2239451.000
Jul 01 09:39:34 ,1594427.000
Jul 01 09:40:24 ,1484807.000
Jul 01 09:40:39 ,2164776.000
Jul 01 09:41:30 ,1838074.000
Jul 01 09:41:45 ,2105429.000
Jul 01 09:42:35 ,2253617.000
Jul 01 09:42:50 ,2305378.000
Jul 01 09:43:43 ,1497533.000
Jul 01 09:43:55 ,2248359.000
Jul 01 09:44:48 ,2331616.000
Jul 01 09:45:00 ,2376376.000
Jul 01 09:46:12 ,489649.000
Jul 01 09:47:20 ,1501290.000
Jul 01 09:48:25 ,2342808.000
Jul 01 09:48:36 ,2066215.000
Jul 01 09:49:30 ,2217182.000
Jul 01 09:49:43 ,1675066.000
Jul 01 09:50:37 ,1605248.000
Jul 01 09:50:49 ,1977255.000
Jul 01 09:51:43 ,2071996.000
Jul 01 09:51:54 ,2222033.000
Jul 01 09:52:49 ,1998102.000
Jul 01 09:53:03 ,1381525.000
Jul 01 09:53:54 ,2313920.000
Jul 01 09:54:09 ,1826015.000
Jul 01 09:54:59 ,2277228.000
Jul 01 09:55:14 ,2243422.000
Jul 01 09:56:04 ,2313684.000
Jul 01 09:56:19 ,2318457.000
Jul 01 09:57:09 ,2300964.000
Jul 01 09:57:26 ,1741403.000
Jul 01 09:58:15 ,2035653.000
Jul 01 09:58:34 ,1431404.000
Jul 01 09:59:21 ,2073249.000
Jul 01 09:59:39 ,2350342.000
Jul 01 10:00:39 ,629087.000
Jul 01 10:00:54 ,811361.000
Jul 01 10:01:47 ,1530302.000
Jul 01 10:02:00 ,1985292.000
Jul 01 10:02:54 ,1598506.000
Jul 01 10:03:12 ,956805.000
Jul 01 10:04:00 ,2048993.000
Jul 01 10:04:18 ,1878190.000
Jul 01 10:05:08 ,1457408.000
Jul 01 10:05:24 ,2025490.000
Jul 01 10:06:15 ,1659082.000
Jul 01 10:06:29 ,2161174.000
Jul 01 10:06:37 ,2363439.000
Jul 01 10:07:37 ,1490326.000
Jul 01 10:07:44 ,1753638.000
Jul 01 10:08:45 ,1518385.000
Jul 01 10:09:01 ,1909452.000
Jul 01 10:09:15 ,1854029.000
Jul 01 10:10:21 ,2035926.000
Jul 01 10:10:29 ,1822118.000
Jul 01 10:10:45 ,1909421.000
Jul 01 10:11:16 ,1840843.000
Jul 01 10:11:36 ,2161796.000
Jul 01 10:11:47 ,1862727.000
Jul 01 10:12:07 ,1817004.000
Jul 01 10:13:12 ,2206208.000
Jul 01 10:13:20 ,1548637.000
Jul 01 10:14:02 ,1680513.000
Jul 01 10:14:25 ,2036899.000
Jul 01 10:15:37 ,329568.000
Jul 01 10:16:44 ,1873922.000
Jul 01 10:16:52 ,2039428.000
Jul 01 10:17:49 ,2283345.000
Jul 01 10:32:01 ,2039749.000
Jul 01 10:35:07 ,1869663.000
Jul 01 10:38:12 ,2313836.000
Jul 01 10:41:18 ,2226783.000
Jul 01 10:44:23 ,2313336.000
Jul 01 10:47:28 ,2261359.000
Jul 01 10:50:33 ,2203856.000
Jul 01 10:53:38 ,2292749.000
Jul 01 10:56:43 ,2356296.000
Jul 01 10:59:49 ,2282129.000
Jul 01 11:02:54 ,2207796.000
Jul 01 11:05:59 ,2380750.000
Jul 01 11:09:05 ,2040500.000
Jul 01 11:12:10 ,2301314.000
Jul 01 11:15:43 ,345301.000
Jul 01 11:18:48 ,2294559.000
Jul 01 11:21:54 ,2016154.000
Jul 01 11:24:59 ,2309067.000
Jul 01 11:28:05 ,2305716.000
Jul 01 11:31:30 ,458073.000
Jul 01 11:34:37 ,1606141.000
Jul 01 11:37:49 ,945691.000
Jul 01 11:40:55 ,1945044.000
Jul 01 11:44:01 ,2226212.000
Jul 01 11:47:06 ,2327652.000
Jul 01 11:50:11 ,2070478.000
Jul 01 11:53:17 ,2167938.000
Jul 01 11:56:22 ,2300612.000
Jul 01 11:59:27 ,2288235.000
Jul 01 12:02:33 ,2128079.000
Jul 01 12:05:38 ,2232250.000
Jul 01 12:08:43 ,2345587.000
Jul 01 12:11:50 ,1605319.000
Jul 01 12:14:56 ,1936375.000
Jul 01 12:18:01 ,2372053.000
Jul 01 12:21:07 ,2291281.000
Jul 01 12:24:12 ,2357130.000
Jul 01 12:27:17 ,2308401.000
Jul 01 12:30:40 ,494903.000
Jul 01 12:33:46 ,2151345.000
Jul 01 12:36:51 ,2313259.000
Jul 01 12:39:56 ,2389520.000
Jul 01 12:43:01 ,2335286.000
Jul 01 12:46:08 ,1605027.000
Jul 01 12:49:13 ,2386863.000
Jul 01 12:52:19 ,1848160.000
Jul 01 12:55:24 ,2275716.000
Jul 01 12:58:29 ,2352228.000
Jul 01 13:01:42 ,940931.000
Jul 01 13:04:47 ,2213909.000
Jul 01 13:07:54 ,1592991.000
Jul 01 13:11:00 ,2232943.000
Jul 01 13:14:05 ,2312651.000
Jul 01 13:17:10 ,2232186.000
Jul 01 13:20:16 ,2103234.000
Jul 01 13:23:21 ,2234874.000
Jul 01 13:26:26 ,2311106.000
Jul 01 13:29:31 ,2309731.000
Jul 01 13:32:36 ,2250588.000
Jul 01 13:35:42 ,2323804.000
Jul 01 13:38:47 ,2293305.000
Jul 01 13:41:52 ,2213008.000
Jul 01 13:44:59 ,1575323.000
Jul 01 13:48:05 ,2294699.000
Jul 01 13:51:11 ,1841668.000
Jul 01 13:54:23 ,932613.000
Jul 01 13:57:42 ,613962.000
Jul 01 14:00:58 ,0.000
Jul 01 14:04:03 ,2194938.000
Jul 01 14:07:08 ,2297128.000
Jul 01 14:10:13 ,2293597.000
Jul 01 14:13:19 ,2306814.000
Jul 01 14:16:30 ,1045587.000
Jul 01 14:19:37 ,1711738.000
Jul 01 14:22:43 ,1873318.000
Jul 01 14:25:48 ,2343079.000
Jul 01 14:28:54 ,1941826.000
Jul 01 14:32:01 ,1785249.000
Jul 01 14:35:06 ,2297822.000
Jul 01 14:38:11 ,2307157.000
Jul 01 14:41:16 ,2298971.000
Jul 01 14:44:21 ,2306359.000
Jul 01 14:47:26 ,2317592.000
Jul 01 14:50:31 ,2237874.000
Jul 01 14:53:43 ,994687.000
Jul 01 14:56:48 ,2313434.000
Jul 01 14:59:53 ,2290449.000
Jul 01 15:02:58 ,2295404.000
Jul 01 15:06:04 ,2309385.000
Jul 01 15:09:09 ,2293974.000
Jul 01 15:12:16 ,1531941.000
Jul 01 15:15:50 ,348131.000
Jul 01 15:18:55 ,2340205.000
Jul 01 15:22:00 ,2176903.000
Jul 01 15:25:05 ,2317108.000
Jul 01 15:28:10 ,2293948.000
Jul 01 15:31:26 ,761261.000
Jul 01 15:34:31 ,2149949.000
Jul 01 15:37:50 ,609248.000
Jul 01 15:41:09 ,611739.000
Jul 01 15:44:14 ,2357001.000
Jul 01 15:47:19 ,2301672.000
Jul 01 15:50:52 ,350054.000
Jul 01 15:53:58 ,2260681.000
Jul 01 15:57:26 ,400862.000
Jul 01 16:00:39 ,0.000
Jul 01 16:03:45 ,2065178.000
Jul 01 16:07:14 ,401963.000
Jul 01 16:10:19 ,2152175.000
Jul 01 16:13:24 ,2300460.000
Jul 01 16:16:30 ,1978736.000
Jul 01 16:19:58 ,407948.000
Jul 01 16:23:04 ,2101358.000
Jul 01 16:26:09 ,2331016.000
Jul 01 16:29:14 ,2327343.000
Jul 01 16:32:20 ,2127494.000
Jul 01 16:35:25 ,2318200.000
Jul 01 16:38:30 ,2228437.000
Jul 01 16:41:35 ,2306808.000
Jul 01 16:44:40 ,2379289.000
Jul 01 16:47:45 ,2303177.000
Jul 01 16:50:52 ,1908350.000
Jul 01 16:53:58 ,1879707.000
Jul 01 16:57:03 ,2376411.000
Jul 01 17:00:14 ,0.000
Jul 01 17:03:19 ,2293434.000
Jul 01 17:06:24 ,2292622.000
Jul 01 17:09:29 ,2291900.000
Jul 01 17:12:34 ,2338120.000
Jul 01 17:16:08 ,346997.000
Jul 01 17:19:13 ,2342692.000
Jul 01 17:22:18 ,2287210.000
Jul 01 17:25:23 ,2301985.000
Jul 01 17:28:28 ,2289353.000
Jul 01 17:31:38 ,1168981.000
Jul 01 17:34:43 ,2281002.000
Jul 01 17:38:01 ,658519.000
Jul 01 17:41:20 ,598096.000
Jul 01 17:44:38 ,658534.000
Jul 01 17:47:44 ,1958023.000
Jul 01 17:50:50 ,1991059.000
Jul 01 17:53:56 ,2116793.000
Jul 01 17:57:01 ,2036568.000
Jul 01 18:00:29 ,418591.000
Jul 01 18:03:35 ,2164615.000
Jul 01 18:06:41 ,1767807.000
Jul 01 18:09:47 ,1906519.000
Jul 01 18:12:53 ,2021396.000
Jul 01 18:16:03 ,1243630.000
Jul 01 18:19:08 ,2186043.000
Jul 01 18:22:14 ,2026292.000
Jul 01 18:25:19 ,2206964.000
Jul 01 18:28:27 ,1473635.000
Jul 01 18:31:45 ,648610.000
Jul 01 18:34:51 ,1995445.000
Jul 01 18:37:57 ,1936769.000
Jul 01 18:41:02 ,2183129.000
Jul 01 18:44:07 ,2310554.000
Jul 01 18:47:13 ,2291431.000
Jul 01 18:50:19 ,1738424.000
Jul 01 18:53:26 ,1692518.000
Jul 01 18:56:37 ,1142128.000
Jul 01 18:59:43 ,1892336.000
Jul 01 19:02:49 ,1753924.000
Jul 01 19:05:55 ,2215499.000
Jul 01 19:09:01 ,1807075.000
Jul 01 19:12:09 ,1510279.000
Jul 01 19:15:44 ,330892.000
Jul 01 19:18:52 ,1389166.000
Jul 01 19:22:00 ,1549326.000
Jul 01 19:25:07 ,1567085.000
Jul 01 19:28:16 ,1349488.000
Jul 01 19:31:37 ,547559.000
Jul 01 19:34:45 ,1560062.000
Jul 01 19:37:53 ,1447600.000
Jul 01 19:41:00 ,1602910.000
Jul 01 19:44:06 ,2071608.000
Jul 01 19:47:18 ,999333.000
Jul 01 19:50:23 ,2218908.000
Jul 01 19:53:28 ,2333493.000
Jul 01 19:56:33 ,2308554.000
Jul 01 19:59:38 ,2271387.000
Jul 01 20:02:44 ,2157686.000
Jul 01 20:05:49 ,2237821.000
Jul 01 20:08:54 ,2312028.000
Jul 01 20:11:59 ,2295768.000
Jul 01 20:15:04 ,2293449.000
Jul 01 20:18:09 ,2367127.000
Jul 01 20:21:15 ,2274303.000
Jul 01 20:24:20 ,2295956.000
Jul 01 20:27:25 ,2350841.000
Jul 01 20:30:42 ,671570.000
Jul 01 20:33:47 ,2285182.000
Jul 01 20:36:52 ,2356056.000
Jul 01 20:39:58 ,2155621.000
Jul 01 20:43:06 ,1511761.000
Jul 01 20:46:22 ,706024.000
Jul 01 20:49:27 ,2325967.000
Jul 01 20:52:32 ,2368742.000
Jul 01 20:55:37 ,2294526.000
Jul 01 20:58:42 ,2262563.000
Jul 01 21:01:48 ,2148470.000
Jul 01 21:04:53 ,2278104.000
Jul 01 21:07:58 ,2290355.000
Jul 01 21:11:03 ,2256280.000
Jul 01 21:14:08 ,2359734.000
Jul 01 21:17:14 ,2305861.000
Jul 01 21:20:20 ,1800859.000
Jul 01 21:23:25 ,2307750.000
Jul 01 21:26:44 ,619123.000
Jul 01 21:30:04 ,571350.000
Jul 01 21:33:10 ,2223141.000
Jul 01 21:36:15 ,2297821.000
Jul 01 21:39:20 ,2381466.000
Jul 01 21:42:25 ,2314412.000
Jul 01 21:48:46 ,2365662.000
Jul 01 21:58:52 ,2302434.000
Jul 01 22:08:58 ,1913809.000
Jul 01 22:19:03 ,2306658.000
Jul 01 22:29:08 ,2322855.000
Jul 01 22:39:13 ,2326553.000
Jul 01 22:49:19 ,1975479.000
Jul 01 22:59:24 ,2344925.000
Jul 01 23:09:29 ,2220827.000
Jul 01 23:19:34 ,2327767.000
Jul 01 23:29:40 ,2309312.000
Jul 01 23:39:45 ,2359451.000
Jul 01 23:49:50 ,2369633.000
Jul 01 23:59:55 ,2389965.000
Jul 02 00:10:00 ,2339165.000
Jul 02 00:20:05 ,2299400.000
Jul 02 00:30:41 ,320903.000
Jul 02 00:40:46 ,2192197.000
Jul 02 00:50:51 ,2282419.000
Jul 02 01:01:09 ,661885.000
Jul 02 01:11:14 ,2300941.000
Jul 02 01:21:19 ,2235746.000
Jul 02 01:31:30 ,1104678.000
Jul 02 01:41:36 ,1905902.000
Jul 02 01:51:41 ,2233606.000
Jul 02 02:01:49 ,1519652.000
Jul 02 02:11:54 ,2201806.000
Jul 02 02:22:00 ,2276855.000
Jul 02 02:32:05 ,2237274.000
Jul 02 02:42:10 ,2287329.000
Jul 02 02:52:15 ,2301195.000
Jul 02 03:02:20 ,2229368.000
Jul 02 03:12:26 ,2306072.000
Jul 02 03:22:31 ,2298225.000
Jul 02 03:32:36 ,2302390.000
Jul 02 03:42:41 ,2328677.000
Jul 02 03:52:46 ,2338174.000
Jul 02 04:02:51 ,2313479.000
Jul 02 04:12:56 ,2254578.000
Jul 02 04:23:03 ,1812147.000
Jul 02 04:33:08 ,2292933.000
Jul 02 04:43:13 ,2357732.000
Jul 02 04:53:21 ,1526559.000
Jul 02 05:03:26 ,2277160.000
Jul 02 05:13:31 ,2323147.000
Jul 02 05:23:36 ,2300318.000
Jul 02 05:33:41 ,2308838.000
Jul 02 05:43:46 ,2308676.000
Jul 02 05:53:51 ,2374917.000
Jul 02 06:03:57 ,2276926.000
Jul 02 06:14:02 ,2322042.000
Jul 02 06:24:07 ,2304011.000
Jul 02 06:34:12 ,2247480.000
Jul 02 06:44:17 ,2310114.000
Jul 02 06:54:22 ,2311328.000
Jul 02 07:04:28 ,2201618.000
Jul 02 07:14:33 ,2386510.000
Jul 02 07:24:38 ,2285337.000
Jul 02 07:34:44 ,2045394.000
Jul 02 07:44:49 ,2367292.000
Jul 02 07:54:54 ,2321880.000
Jul 02 08:04:59 ,2125541.000
Jul 02 08:15:19 ,592423.000
Jul 02 08:25:24 ,2194265.000
Jul 02 08:35:29 ,2303033.000
Jul 02 08:45:51 ,540238.000
Jul 02 08:56:10 ,618750.000
Jul 02 09:06:15 ,2300140.000
Jul 02 09:16:26 ,1012005.000
Jul 02 09:26:31 ,2277628.000
Jul 02 09:36:37 ,2270207.000
Jul 02 09:46:42 ,2070026.000
Jul 02 09:56:47 ,2274092.000
Jul 02 10:06:53 ,2296984.000
Jul 02 10:16:58 ,2304733.000
Jul 02 10:27:03 ,2291195.000
Jul 02 10:37:08 ,2390235.000
Jul 02 10:47:13 ,2319548.000
Jul 02 10:57:18 ,2302438.000
Jul 02 11:07:23 ,2306045.000
Jul 02 11:17:28 ,2378463.000
Jul 02 11:27:33 ,2341964.000
Jul 02 11:37:38 ,2372366.000
Jul 02 11:47:43 ,2346194.000
Jul 02 11:57:48 ,2329811.000
Jul 02 12:07:53 ,2311042.000
Jul 02 12:17:59 ,2303408.000
Jul 02 12:28:04 ,2311875.000
Jul 02 12:38:09 ,2300032.000
Jul 02 12:48:14 ,2135649.000
Jul 02 12:58:20 ,2311193.000
Jul 02 13:08:25 ,2360355.000
Jul 02 13:18:30 ,2300366.000
Jul 02 13:28:35 ,2309155.000
Jul 02 13:38:40 ,2309663.000
Jul 02 13:48:46 ,1854928.000
Jul 02 13:58:51 ,2305373.000
Jul 02 14:08:57 ,2299406.000
Jul 02 14:19:02 ,2294296.000
Jul 02 14:29:07 ,2325312.000
Jul 02 14:39:12 ,2295514.000
Jul 02 14:49:17 ,2331112.000
Jul 02 14:59:22 ,2298866.000
Jul 02 15:09:27 ,2345402.000
Jul 02 15:19:41 ,828907.000
Jul 02 15:29:55 ,832206.000
Jul 02 15:40:07 ,1017150.000
Jul 02 15:50:19 ,948857.000
Jul 02 16:00:52 ,346189.000
Jul 02 16:11:00 ,1643342.000
Jul 02 16:21:05 ,2274340.000
Jul 02 16:31:28 ,501386.000
Jul 02 16:41:33 ,2179772.000
Jul 02 16:51:39 ,2252836.000
Jul 02 17:01:44 ,2197923.000
Jul 02 17:11:49 ,2317300.000
Jul 02 17:21:54 ,2314378.000
Jul 02 17:32:00 ,1975424.000
Jul 02 17:42:06 ,2190000.000
Jul 02 17:52:20 ,831623.000
Jul 02 18:02:26 ,1741120.000
Jul 02 18:12:31 ,2279225.000
Jul 02 18:22:37 ,2310969.000
Jul 02 18:32:42 ,2305377.000
Jul 02 18:42:47 ,2327840.000
Jul 02 18:52:52 ,2287770.000
Jul 02 19:03:07 ,758288.000
Jul 02 19:13:12 ,2289541.000
Jul 02 19:23:18 ,2321151.000
Jul 02 19:33:23 ,2282817.000
Jul 02 19:43:28 ,2359236.000
Jul 02 19:53:33 ,2261555.000
